kc,sf,0-5,143,-161
bal,kc,1-2,106,-119
kc,bal,6-4,108,-120
laa,kc,3-8,110,-123
bal,det,2-1,150,-169
sf,wsh,2-1,179,-204
sf,wsh,3-2,167,-188
det,bal,6-7,106,-119
det,bal,3-12,-117,104
sf,pit,8-0,-111,-102
oak,kc,8-9,-112,-102
col,lad,5-10,199,-232
laa,sea,1-4,177,-200
sd,sf,3-9,112,-125
oak,tex,4-0,-192,170
kc,chw,6-4,-188,168
chc,mil,5-2,154,-175
nyy,bos,9-5,-104,-109
atl,phi,2-1,150,-166
mia,wsh,0-1,159,-181
pit,cin,1-4,-107,-104
hou,nym,3-8,142,-161
min,det,0-3,208,-238
bal,tor,1-0,108,-125
tb,cle,2-7,-136,124
col,lad,5-6,173,-196
laa,sea,1-2,104,-117
oak,tex,4-5,-188,168
kc,chw,4-5,-166,143
chc,mil,1-2,146,-166
hou,nym,1-2,127,-147
min,det,12-3,150,-172
atl,phi,4-2,102,-117
tb,cle,2-0,145,-161
bal,tor,2-4,-102,-109
sd,sf,1-3,145,-163
mia,wsh,1-5,191,-217
nyy,bos,4-10,-135,118
pit,cin,6-10,-163,143
sd,sf,4-1,-101,-113
col,lad,4-7,140,-161
laa,sea,3-4,110,-125
kc,chw,3-1,-147,129
chc,mil,6-4,125,-140
oak,tex,6-2,-172,150
nyy,bos,3-2,119,-135
pit,cin,3-1,-151,133
hou,nym,3-1,138,-158
min,det,11-4,188,-217
bal,tor,2-4,110,-125
tb,cle,0-1,167,-192
atl,phi,4-5,-121,106
mia,wsh,15-7,125,-144
mia,wsh,0-4,177,-204
sd,sf,8-9,119,-136
kc,chw,6-3,-142,125
oak,tex,1-2,-147,127
pit,atl,10-1,-125,108
tb,bos,1-11,-123,108
min,det,2-4,252,-303
bal,nyy,5-6,116,-133
nym,wsh,0-3,150,-172
phi,mia,4-6,116,-131
sea,tor,7-5,-117,106
nym,wsh,7-4,143,-163
mil,cin,3-5,-161,143
sf,lad,1-9,235,-277
col,sd,3-4,114,-129
hou,tex,1-5,-107,-106
pit,atl,2-6,119,-135
tb,bos,3-11,-161,142
mil,cin,5-0,-149,131
phi,mia,2-1,106,-120
sea,tor,0-1,108,-123
kc,cle,4-6,-120,104
laa,oak,5-4,168,-192
ari,min,1-2,148,-166
chw,det,1-6,-102,-111
bal,nyy,9-5,108,-123
sf,lad,2-4,114,-128
col,sd,3-2,122,-138
laa,oak,2-0,144,-163
ari,min,3-6,112,-128
hou,tex,1-2,-105,-107
pit,atl,3-2,-106,-106
tb,bos,6-2,-133,117
mil,cin,1-3,104,-117
phi,mia,0-2,-144,127
chw,det,3-4,261,-312
sea,tor,2-10,-175,154
kc,cle,7-1,104,-120
bal,nyy,5-4,146,-163
nym,wsh,2-4,156,-178
sf,lad,5-2,102,-116
col,sd,0-1,110,-126
laa,oak,4-8,134,-153
ari,min,6-2,116,-133
hou,tex,3-4,123,-138
pit,atl,1-0,-151,135
chw,det,2-0,160,-181
sea,tor,4-14,-112,-101
kc,cle,2-0,102,-114
bal,nyy,0-5,100,-116
cle,kc,4-3,-113,-101
ari,col,3-8,-112,-102
sf,sd,2-8,-101,-113
phi,oak,6-8,190,-222
tex,laa,2-1,179,-208
lad,chc,8-5,-142,125
sea,hou,3-8,-144,127
det,kc,2-5,-108,-105
cle,min,7-2,-169,149
chw,tb,10-5,146,-166
nym,atl,10-2,-101,-111
bos,bal,3-2,134,-151
mil,pit,0-1,118,-135
wsh,mia,2-1,-163,144
tor,nyy,2-5,134,-151
tex,laa,5-8,192,-222
sf,sd,2-3,-119,104
sea,hou,1-10,100,-113
nym,atl,4-2,116,-133
wsh,mia,3-2,-169,149
cle,min,7-3,-116,102
chw,tb,1-3,154,-175
bos,bal,2-7,152,-175
mil,pit,1-0,116,-131
ari,col,1-5,100,-113
tor,nyy,6-3,-119,106
phi,oak,3-0,206,-238
lad,chc,7-8,-126,110
det,kc,3-2,-104,-108
sf,sd,0-5,-129,114
tex,laa,12-3,175,-200
phi,oak,1-3,244,-285
ari,col,3-15,100,-113
sea,hou,10-5,-153,134
det,kc,10-1,106,-120
cle,min,4-5,125,-142
nym,atl,5-0,123,-138
wsh,mia,3-2,-158,139
chw,tb,4-3,116,-133
bos,bal,5-3,137,-156
tor,nyy,3-5,129,-147
mil,pit,2-4,108,-123
lad,chc,14-5,-357,291
sea,laa,3-1,-256,225
phi,sd,3-7,136,-156
ari,col,6-7,106,-121
cle,hou,2-1,-138,122
lad,chc,8-4,-188,169
wsh,mia,6-2,-158,141
tor,nyy,2-3,110,-125
bos,pit,2-3,200,-232
tex,oak,7-2,248,-294
phi,sd,5-2,-147,127
sea,laa,0-5,102,-116
tex,oak,6-1,174,-196
cle,hou,2-0,-128,112
chw,kc,2-6,-102,-111
det,min,4-8,-178,156
cin,chc,1-3,165,-188
wsh,atl,1-3,161,-181
mia,nym,4-3,114,-129
nyy,tb,3-2,129,-147
tor,bal,1-6,112,-128
bos,pit,1-9,148,-166
sf,ari,4-2,-192,167
lad,col,2-16,-104,-108
phi,sd,4-5,116,-131
sea,laa,13-2,127,-144
tex,oak,6-3,218,-256
sf,ari,2-1,-121,106
lad,col,4-10,-128,112
cle,hou,4-2,-175,152
chw,kc,7-5,162,-185
det,min,3-4,-133,117
cin,chc,0-7,-114,100
wsh,atl,3-0,-126,112
mia,nym,1-9,122,-140
nyy,tb,1-6,112,-128
tor,bal,2-8,-107,-105
bos,pit,0-4,162,-185
phi,sd,0-1,152,-175
sea,laa,1-8,-104,-109
sf,ari,2-6,-107,-106
lad,col,11-3,-126,110
cle,hou,1-3,106,-120
chw,kc,3-4,204,-243
det,min,8-6,-181,158
cin,chc,0-1,106,-125
wsh,atl,4-2,-138,120
mia,nym,6-5,136,-156
nyy,tb,0-1,-103,-109
tor,bal,2-5,104,-121
nyy,bal,2-3,112,-128
sd,ari,6-8,104,-120
oak,sea,4-0,-156,137
lad,sf,4-2,-181,156
hou,laa,6-1,144,-163
atl,tex,3-10,-135,118
min,chw,6-4,112,-129
bos,kc,8-4,150,-172
cin,mil,2-9,137,-158
mia,phi,5-4,-108,-105
chc,pit,3-7,181,-212
wsh,nym,3-0,-163,143
cle,det,4-6,125,-142
tb,tor,6-5,108,-125
oak,sea,3-2,131,-151
hou,laa,2-5,206,-243
lad,sf,17-0,-113,-101
sd,ari,4-10,-113,-102
bos,kc,1-7,125,-144
wsh,nym,10-3,-138,120
cin,mil,5-1,181,-212
cle,det,4-5,100,-114
mia,phi,1-2,112,-128
chc,pit,6-4,190,-222
min,chw,6-7,114,-125
min,chw,1-5,102,-114
tb,tor,3-6,116,-133
nyy,bal,3-2,118,-135
atl,tex,2-3,-169,146
lad,sf,0-9,104,-119
oak,sea,2-4,122,-140
hou,laa,3-11,161,-185
sd,ari,6-5,114,-131
bos,kc,4-2,169,-196
cin,mil,2-3,159,-185
atl,tex,1-2,-128,112
wsh,nym,3-4,-151,131
cle,det,2-7,140,-161
tb,tor,1-0,120,-136
nyy,bal,0-5,146,-163
mia,phi,1-3,139,-158
chc,pit,3-7,188,-222
nyy,bal,1-2,104,-120
bos,kc,6-3,110,-126
mia,mil,2-4,139,-158
laa,tex,7-3,-192,166
wsh,nym,6-2,-123,106
tb,nyy,4-5,-108,-106
pit,phi,4-1,-142,125
ari,sf,2-6,173,-200
oak,chw,0-1,117,-135
min,cle,0-2,142,-161
min,cle,2-8,173,-192
ari,sf,0-5,137,-158
sd,lad,0-4,137,-158
hou,sea,5-2,214,-256
oak,chw,1-2,-212,181
mia,mil,1-4,108,-125
laa,tex,8-1,-188,164
col,nym,0-2,108,-125
kc,det,3-0,-101,-113
chc,tor,1-11,156,-181
tb,nyy,5-8,-104,-109
pit,phi,6-3,-149,129
atl,wsh,6-2,166,-192
bal,bos,10-6,-138,122
ari,sf,1-5,143,-166
sd,lad,6-3,110,-128
hou,sea,2-1,127,-147
oak,chw,11-2,-200,172
mia,mil,6-3,119,-136
laa,tex,9-3,-149,129
bal,bos,4-1,-131,114
col,nym,0-2,156,-178
kc,det,2-4,148,-169
chc,tor,2-9,125,-142
min,cle,4-3,147,-169
tb,nyy,4-3,116,-133
pit,phi,3-4,-138,122
atl,wsh,4-6,133,-151
sd,lad,4-9,280,-333
hou,sea,1-4,256,-303
oak,chw,4-5,-169,147
mia,mil,6-4,160,-185
bal,bos,4-0,100,-116
col,nym,2-3,131,-151
chc,tor,0-8,181,-212
pit,phi,6-4,-120,106
atl,wsh,1-2,125,-144
kc,det,5-9,118,-135
laa,cle,12-3,104,-120
sf,det,1-6,106,-121
sd,col,0-6,-128,112
ari,lad,2-7,206,-243
hou,oak,4-3,136,-156
sea,tex,0-1,-140,122
pit,chc,10-4,-166,144
laa,min,14-4,-153,136
bal,tb,7-5,-106,-107
tor,bos,3-1,-125,108
phi,wsh,2-3,125,-142
nym,cin,4-3,104,-120
atl,mia,0-4,-151,131
chw,cle,0-2,179,-208
kc,nyy,2-0,-107,-107
ari,lad,2-5,175,-200
sd,col,6-7,118,-136
sea,tex,4-2,-149,129
tor,bos,3-4,119,-135
atl,mia,4-3,-114,-101
laa,min,8-5,-103,-112
chw,cle,1-3,140,-161
pit,chc,5-0,-169,152
nym,cin,1-2,137,-156
kc,nyy,2-6,106,-120
hou,oak,3-4,184,-212
phi,wsh,3-1,149,-172
pit,chc,5-3,-138,122
sf,det,5-4,123,-140
bal,tb,2-3,118,-135
ari,lad,1-2,143,-163
hou,oak,4-3,191,-222
sd,col,0-3,114,-131
laa,min,7-6,-158,138
sea,tex,7-5,-196,169
tor,bos,8-9,-113,100
nym,cin,14-5,-104,-109
atl,mia,3-11,106,-123
bal,tb,0-3,118,-136
sf,det,8-2,123,-140
chw,cle,1-2,-149,131
kc,nyy,1-0,106,-121
phi,wsh,9-8,204,-238
ari,sd,5-1,131,-151
laa,min,5-4,-125,108
sea,tex,10-2,-125,110
tor,tb,1-0,127,-147
cin,bal,7-9,171,-196
det,cle,11-4,-129,114
bos,nyy,4-5,131,-151
ari,sd,6-1,125,-144
laa,hou,1-4,-138,122
tex,kc,1-4,154,-178
chw,min,4-11,-103,-111
mil,chc,2-6,-120,104
nym,mia,4-3,-103,-112
tor,tb,7-4,104,-119
cin,bal,0-6,135,-153
det,cle,0-7,106,-123
bos,nyy,1-5,154,-178
sea,oak,2-1,106,-121
sf,col,2-9,-126,110
wsh,lad,8-5,-147,127
phi,atl,4-7,165,-192
wsh,lad,1-4,164,-188
ari,sd,1-2,-112,-103
sea,oak,6-5,119,-136
sf,col,12-7,-151,131
tex,kc,1-2,134,-153
laa,hou,3-8,-161,145
chw,min,6-3,121,-138
mil,chc,1-7,-111,-103
phi,atl,4-0,152,-172
nym,mia,8-6,-106,-107
tor,tb,8-2,102,-119
cin,bal,4-5,122,-138
det,cle,4-2,125,-142
bos,nyy,9-4,133,-151
tex,kc,3-4,175,-204
wsh,lad,6-4,-123,108
sf,col,9-10,-136,121
sf,col,4-2,-138,119
ari,sd,1-3,148,-169
det,cle,12-1,102,-117
sea,oak,1-6,131,-149
mil,chc,2-4,-142,124
min,bal,6-4,104,-121
phi,atl,7-0,114,-131
nym,mia,6-9,110,-126
bos,tb,3-4,150,-172
mia,atl,0-1,141,-163
col,ari,2-6,-101,-113
lad,sd,7-1,-172,147
wsh,sea,3-5,129,-149
mil,sf,5-15,122,-140
oak,laa,1-8,104,-121
det,chw,2-6,-108,-107
tex,hou,2-3,136,-156
bos,tb,3-0,137,-158
min,bal,8-12,148,-172
cin,pit,3-2,112,-129
phi,nym,5-6,-107,-108
nyy,tor,3-4,-111,-104
wsh,sea,3-1,-117,102
oak,laa,0-2,-121,108
mil,sf,1-3,-107,-107
lad,sd,1-2,-142,124
col,ari,2-0,121,-138
mia,atl,4-0,118,-136
det,chw,8-4,-116,102
tex,hou,0-2,104,-120
cle,kc,3-2,129,-149
phi,nym,7-2,137,-158
bos,tb,0-7,142,-163
min,bal,2-3,141,-163
cin,pit,2-3,134,-153
det,chw,3-6,-107,-106
nyy,tor,0-2,-113,-102
mil,sf,2-13,100,-117
lad,sd,2-3,-104,-111
wsh,sea,8-3,144,-169
oak,laa,0-4,-119,102
col,ari,2-5,127,-147
det,chw,7-1,-151,131
tex,hou,13-6,110,-126
cle,kc,6-1,127,-147
mia,atl,2-5,147,-169
phi,nym,1-4,127,-147
bos,tb,8-4,158,-185
nyy,tor,6-3,104,-121
min,bal,1-9,152,-178
cin,pit,1-2,120,-136
oak,laa,3-4,-107,-108
cle,chw,3-2,-121,104
tex,hou,2-4,117,-135
min,kc,11-5,139,-161
atl,nym,6-1,-116,100
tb,bal,4-5,110,-128
col,sf,1-4,173,-204
nyy,det,2-3,-126,108
chc,cin,2-7,-109,-104
col,sf,2-4,185,-217
mia,laa,1-6,131,-151
lad,ari,3-1,-232,196
mil,sd,2-3,-147,127
cle,chw,2-3,-192,164
oak,hou,5-4,-178,152
min,kc,1-6,104,-120
chc,cin,5-7,144,-163
atl,nym,3-2,-121,106
nyy,det,8-4,150,-175
bos,tor,2-5,122,-140
tb,bal,3-1,-107,-108
wsh,phi,4-8,-163,141
tex,sea,12-4,146,-166
col,sf,0-3,197,-232
mil,sd,1-4,102,-117
tex,sea,0-5,177,-208
mia,laa,2-8,160,-185
lad,ari,9-5,-111,-104
cle,chw,8-6,129,-149
oak,hou,2-4,-125,108
min,kc,1-2,150,-175
chc,cin,3-0,150,-175
atl,nym,2-3,-151,129
nyy,det,2-5,-108,-106
bos,tor,11-7,129,-149
tb,bal,2-4,-101,-113
wsh,phi,3-4,-112,-103
col,sf,3-2,170,-196
mil,sd,10-1,-140,122
tex,sea,2-0,156,-181
mia,laa,7-1,146,-169
oak,hou,8-2,-172,149
nyy,kc,8-1,119,-136
bos,tor,4-3,104,-120
tb,bal,1-9,102,-119
wsh,phi,2-3,-138,120
laa,oak,9-4,108,-125
sd,ari,7-4,-113,-102
mia,col,4-7,-103,-112
nym,lad,11-3,-102,-113
kc,tex,1-3,-156,138
bal,chc,1-2,-116,100
pit,mil,3-4,122,-140
det,min,13-4,-144,125
sea,bos,8-6,-163,142
sf,wsh,6-14,140,-161
atl,cin,3-5,-121,106
tb,tor,2-1,-105,-109
hou,cle,1-3,127,-149
chw,nyy,4-7,-121,104
nym,lad,4-7,147,-169
laa,oak,1-2,145,-166
sd,ari,2-5,-114,-101
mia,col,4-5,-106,-107
det,min,8-6,-149,133
kc,tex,6-3,-121,106
atl,cin,0-1,-129,112
pit,mil,10-2,112,-129
hou,cle,2-3,134,-156
sf,wsh,2-6,150,-172
bal,chc,2-7,-113,100
sea,bos,7-3,106,-121
det,min,4-12,102,-116
tb,tor,4-5,-104,-111
chw,nyy,3-5,189,-222
nym,lad,2-6,114,-131
laa,oak,3-5,131,-151
sd,ari,1-5,102,-119
mia,col,13-5,-121,104
pit,mil,8-3,129,-151
det,min,6-20,-104,-109
kc,tex,6-3,-136,119
sea,bos,5-3,-188,162
atl,cin,3-1,-107,-108
tb,tor,8-0,102,-117
hou,cle,5-1,184,-217
chw,nyy,3-4,163,-192
sf,wsh,10-3,127,-147
bal,chc,1-4,-108,-106
sd,lad,1-2,204,-243
sf,chc,5-3,-178,156
laa,bos,2-0,-136,120
atl,cin,8-0,-185,162
sf,chc,1-2,-111,-103
ari,wsh,0-1,168,-196
cle,min,1-4,-140,122
det,tb,0-1,-101,-113
hou,nyy,0-3,148,-172
sd,lad,4-1,121,-138
kc,col,2-5,-112,-103
bal,chw,4-3,-156,134
cle,min,5-0,-114,100
sf,chc,8-3,-131,114
laa,bos,8-3,-129,112
det,tb,6-0,112,-129
hou,nyy,5-2,179,-212
atl,pit,2-3,102,-119
ari,wsh,2-3,166,-192
nym,oak,8-5,166,-192
tor,mil,9-5,104,-121
sea,phi,3-4,104,-119
tex,mia,5-4,136,-156
sd,lad,6-8,-106,-108
nym,oak,2-6,208,-243
kc,col,7-4,-147,127
bal,chw,5-1,-105,-109
tor,mil,1-6,131,-151
cle,min,7-5,-111,-104
laa,bos,4-3,-129,112
tex,mia,3-4,125,-144
det,tb,8-6,-125,106
sea,phi,5-2,-161,140
atl,pit,11-3,142,-163
ari,wsh,1-8,202,-238
hou,nyy,7-4,146,-166
bal,chw,8-2,137,-158
kc,min,6-4,-166,143
laa,bos,4-2,-108,-106
sea,phi,1-4,-153,133
atl,pit,7-3,-109,-105
ari,wsh,4-5,215,-256
chc,nym,4-1,-102,-113
cin,col,5-10,112,-125
oak,atl,3-4,-149,129
pit,wsh,5-6,133,-151
cin,col,9-10,-104,-106
mil,lad,7-2,-101,-114
phi,sf,2-5,134,-156
laa,tex,2-3,-138,120
tor,chw,5-7,-138,120
kc,min,12-6,-113,-101
nyy,tb,4-2,-103,-112
hou,bos,8-1,110,-128
ari,mia,3-10,123,-142
chc,nym,2-1,-113,-102
sea,det,8-1,102,-119
bal,cle,4-1,112,-129
mil,lad,3-2,165,-192
laa,tex,5-4,-153,135
oak,atl,3-4,-107,-107
hou,bos,7-10,149,-172
tor,chw,6-3,-136,119
ari,mia,1-2,127,-147
kc,min,1-4,-117,100
chc,nym,3-7,127,-147
sea,det,2-4,-109,-105
bal,cle,0-6,123,-142
pit,wsh,3-4,131,-151
nyy,tb,3-2,127,-147
phi,sf,5-6,171,-200
phi,sf,5-3,137,-156
mil,lad,6-3,150,-172
cin,col,3-2,-156,135
tor,chw,5-11,-149,129
kc,min,6-5,-147,127
laa,tex,5-4,-204,175
oak,atl,2-7,112,-129
ari,mia,3-2,118,-136
chc,nym,2-3,129,-149
nyy,tb,0-5,116,-131
hou,bos,5-3,127,-147
sea,det,7-2,114,-131
bal,cle,1-2,131,-151
pit,wsh,4-5,135,-156
cin,col,3-7,110,-126
tb,tex,6-3,-135,118
hou,bos,4-9,140,-161
ari,mia,4-5,104,-121
wsh,nym,4-1,-153,133
mil,chc,6-2,-125,108
oak,kc,3-7,-105,-108
pit,det,2-5,166,-192
lad,atl,6-4,110,-128
tor,sea,0-2,139,-161
phi,laa,3-4,172,-200
oak,kc,0-3,-108,-106
mil,chc,2-4,-125,108
tb,tex,10-1,-142,123
lad,atl,2-3,110,-128
wsh,nym,3-2,-117,102
pit,det,4-8,-104,-111
nyy,bal,3-5,102,-117
ari,cle,1-0,156,-169
col,sd,3-5,137,-158
ari,cle,2-3,152,-175
chw,sf,1-7,108,-125
min,hou,3-1,-108,-106
bos,cin,5-4,117,-135
chw,sf,3-2,-117,102
col,sd,1-4,119,-135
tor,sea,3-6,106,-121
phi,laa,2-7,206,-243
min,hou,4-10,125,-144
oak,kc,11-3,-147,127
mil,chc,0-3,-121,106
tb,tex,2-3,-121,106
lad,atl,4-2,110,-126
bos,cin,3-2,112,-128
wsh,nym,7-1,-140,123
det,pit,2-4,104,-119
col,sd,3-4,148,-172
tor,sea,1-11,197,-232
min,hou,4-2,-112,-102
oak,kc,2-3,-104,-111
mil,chc,3-1,-112,-102
tb,tex,7-0,-129,112
lad,atl,6-2,154,-178
nyy,bal,3-11,106,-123
det,pit,6-11,-113,-101
nym,phi,5-3,-123,108
wsh,atl,1-3,102,-117
col,ari,5-3,138,-158
chw,sea,2-4,138,-158
min,oak,6-1,152,-175
bos,laa,3-1,131,-151
tb,chc,2-3,-161,141
tex,hou,6-2,127,-147
sf,kc,4-7,136,-156
lad,mil,5-1,-151,131
nym,phi,6-7,-114,100
sd,pit,8-2,-105,-109
mia,cin,2-7,162,-188
det,tor,5-6,-161,141
cle,nyy,4-1,125,-142
chw,sea,2-1,164,-192
bos,laa,4-5,167,-192
min,oak,4-9,212,-250
col,ari,4-14,-107,-108
wsh,atl,4-1,-116,100
mia,cin,4-3,124,-140
tex,hou,3-8,-178,156
sf,kc,0-5,127,-147
lad,mil,1-4,-135,117
nym,phi,2-1,150,-175
sd,pit,2-1,150,-172
tb,chc,4-0,-142,123
det,tor,2-3,-116,102
cle,nyy,3-0,-112,-103
chw,sea,1-4,148,-169
bos,laa,4-2,162,-188
min,oak,5-6,190,-222
col,ari,3-5,104,-121
tex,hou,3-4,100,-116
sf,kc,2-4,-103,-111
lad,mil,3-9,127,-147
wsh,atl,6-7,-114,-101
mia,cin,2-1,116,-133
det,tor,5-4,-133,116
cle,nyy,6-10,119,-135
nym,phi,5-4,-109,-105
sd,pit,1-2,102,-117
tb,chc,4-3,-125,108
chw,sea,3-13,162,-188
lad,laa,7-0,-107,-107
min,oak,0-3,236,-285
kc,ari,6-2,-116,100
cle,cin,0-4,102,-119
bal,tor,2-1,100,-116
hou,phi,5-6,-109,-104
mia,pit,2-7,119,-136
chc,col,6-2,104,-120
sf,mil,1-3,114,-131
det,nyy,0-1,-101,-113
nym,wsh,3-5,138,-158
lad,laa,2-1,136,-156
kc,ari,4-3,-149,127
chc,col,4-13,-123,108
sf,mil,7-4,117,-135
cle,cin,3-8,-111,-104
bal,tor,1-5,-119,102
det,nyy,1-5,-102,-113
hou,phi,3-10,123,-140
mia,pit,3-7,114,-133
nym,wsh,1-7,133,-153
atl,sea,3-7,-119,102
tb,oak,7-3,171,-200
tex,chw,3-1,196,-232
sd,min,5-4,-105,-108
laa,lad,4-5,186,-217
atl,sea,2-4,148,-172
tb,oak,0-3,108,-125
kc,ari,12-2,-131,114
chc,col,6-5,114,-131
tex,chw,16-0,-104,-112
sf,mil,3-4,119,-138
sd,min,1-3,110,-126
bal,tor,9-3,-103,-111
cin,cle,9-2,104,-120
det,nyy,4-3,-121,104
hou,phi,1-2,-107,-106
mia,pit,6-3,114,-133
nym,wsh,6-1,137,-158
laa,lad,5-0,104,-120
tb,oak,2-3,121,-138
tex,chw,3-5,120,-138
cin,cle,1-7,184,-217
det,nyy,1-2,-121,106
bal,wsh,7-3,123,-140
sf,nym,4-3,-133,116
nyy,bos,8-7,-109,-104
pit,ari,2-3,-175,150
chc,lad,7-3,164,-192
atl,sd,3-4,112,-129
kc,oak,4-2,143,-166
min,chw,16-3,134,-153
tor,hou,1-6,-169,147
laa,tb,7-5,-102,-113
sea,bal,0-1,-123,106
phi,wsh,0-4,129,-151
cin,mia,7-3,-113,-102
sf,nym,9-0,-125,108
col,det,0-4,197,-232
tex,cle,3-4,-119,104
chc,lad,2-5,171,-200
atl,sd,2-3,-116,100
pit,ari,8-3,-131,112
min,chw,8-6,102,-119
tor,hou,2-8,-133,116
cin,mia,1-2,-101,-116
sf,nym,2-4,108,-125
laa,tb,3-10,-101,-116
col,det,5-11,187,-222
sea,bal,6-3,104,-121
tex,cle,0-2,145,-166
phi,wsh,0-11,160,-185
nyy,bos,6-4,100,-114
kc,oak,3-8,149,-172
chc,lad,8-2,131,-149
atl,sd,1-10,-126,110
pit,ari,9-4,-121,104
kc,oak,1-0,194,-227
min,chw,8-10,243,-294
tor,hou,1-3,-101,-113
nyy,bos,3-4,108,-125
cin,mia,5-2,-101,-113
sf,nym,5-1,-101,-116
laa,tb,5-3,-105,-109
col,det,2-4,199,-238
sea,bal,1-2,124,-142
tex,cle,2-12,156,-181
phi,wsh,2-1,194,-227
atl,lad,1-2,187,-222
pit,ari,4-7,-126,108
tor,hou,6-5,-153,133
min,kc,3-6,181,-212
cin,mia,3-1,-114,100
laa,bal,1-0,-111,-103
sea,cle,6-5,120,-136
phi,wsh,10-4,150,-175
col,chc,1-3,175,-200
chw,det,7-4,161,-188
atl,lad,2-3,149,-172
min,kc,2-3,135,-156
col,chc,6-4,-108,-106
nyy,tex,2-3,-140,121
tor,bos,6-1,-102,-112
chw,det,2-7,217,-256
laa,bal,3-4,-138,121
sea,cle,0-2,-109,-106
pit,sf,5-7,102,-117
oak,hou,1-8,-140,122
wsh,mia,4-3,-156,134
ari,cin,5-4,-107,-107
phi,nym,2-11,141,-163
mil,tb,5-0,149,-172
pit,sf,3-1,102,-119
atl,lad,4-8,129,-149
oak,hou,7-4,-200,171
min,kc,2-1,174,-204
col,chc,3-4,-108,-106
nyy,tex,12-11,-172,149
tor,bos,4-2,-111,-105
ari,cin,0-3,112,-129
wsh,mia,0-3,-135,118
phi,nym,6-0,-126,108
mil,tb,1-5,137,-158
chw,det,11-4,144,-166
laa,bal,6-7,-135,117
sea,cle,5-2,100,-116
pit,sf,5-0,137,-158
oak,hou,3-7,-192,166
col,chc,1-4,123,-142
nyy,tex,2-4,131,-153
tor,bos,14-1,120,-136
ari,cin,2-1,121,-138
wsh,mia,6-7,-147,127
phi,nym,1-7,119,-138
mil,tb,1-2,123,-142
sd,atl,0-2,181,-208
lad,sf,4-3,-125,108
oak,tex,9-3,-217,185
sd,atl,3-8,148,-172
pit,col,7-5,-120,104
bal,sea,3-2,100,-117
det,laa,1-2,108,-126
mia,hou,4-2,110,-126
cle,kc,10-3,-102,-112
nym,mil,2-0,114,-131
chw,min,3-4,112,-129
bos,tb,3-2,124,-142
ari,phi,2-4,-123,106
wsh,cin,4-2,-129,112
tor,nyy,5-4,110,-128
det,laa,0-4,102,-119
lad,sf,5-0,-196,169
pit,col,1-8,-117,102
oak,tex,5-1,-196,166
sd,atl,3-5,162,-185
mia,hou,7-3,-111,-104
cle,kc,5-7,-104,-111
nym,mil,2-5,141,-163
chw,min,7-0,-181,154
bos,tb,0-3,-107,-108
ari,phi,10-6,129,-151
bal,sea,3-4,-104,-109
wsh,cin,0-1,-109,-104
tor,nyy,6-4,119,-135
lad,sf,8-1,-131,114
bal,sea,2-1,167,-192
det,laa,1-2,114,-131
pit,col,1-8,-113,-102
mia,hou,2-0,114,-131
cle,kc,4-6,106,-123
nym,mil,3-2,110,-128
chw,min,9-5,106,-125
oak,tex,1-4,-178,154
sd,atl,5-2,144,-166
wsh,cin,4-1,-125,108
bos,tb,4-6,127,-147
tor,nyy,4-6,116,-135
ari,phi,5-9,-128,112
bal,sea,4-0,123,-142
det,laa,6-4,104,-119
cle,kc,1-2,100,-116
nym,mil,1-9,134,-156
chw,min,5-2,138,-158
sd,chc,13-3,-129,112
mia,atl,3-2,118,-135
hou,oak,1-13,229,-270
tex,nyy,2-4,158,-181
sf,phi,1-2,108,-125
bos,tor,0-8,-102,-113
bal,laa,2-3,147,-169
hou,oak,7-9,221,-263
sd,chc,8-3,-102,-113
mia,atl,1-6,152,-178
bos,tor,4-6,-112,-103
tex,nyy,1-2,-119,102
sf,phi,3-1,-144,125
lad,pit,1-6,135,-153
det,ari,11-5,-142,125
nym,sea,3-2,114,-128
wsh,col,4-6,-151,129
kc,chw,2-1,-106,-108
cin,mil,1-5,124,-144
cle,min,1-3,-144,127
nym,sea,3-1,100,-116
bal,laa,4-2,121,-140
hou,oak,3-2,224,-263
det,ari,4-5,-117,102
wsh,col,7-4,-192,166
kc,chw,7-1,-149,129
cin,mil,3-4,114,-131
cle,min,8-2,-144,125
sd,chc,0-6,117,-133
mia,atl,6-5,156,-181
bos,tor,3-7,-119,102
tex,nyy,1-2,156,-181
sf,phi,9-6,-121,104
lad,pit,7-12,102,-117
nym,sea,2-5,110,-128
bal,laa,4-2,118,-136
det,ari,4-3,-135,118
wsh,col,7-2,-151,131
kc,chw,1-3,152,-178
cin,mil,2-5,136,-156
cle,min,3-4,-114,100
mia,atl,3-1,164,-192
bos,tor,14-1,-112,-103
tex,nyy,4-2,146,-166
sf,phi,7-4,110,-128
lad,pit,5-2,-102,-113
chc,ari,2-3,-108,-106
nym,sd,1-2,-114,-101
bal,oak,2-10,140,-161
sea,laa,5-6,148,-172
hou,chw,11-7,112,-128
tb,min,5-3,-135,118
phi,atl,2-8,158,-181
kc,bos,0-6,134,-153
col,pit,3-5,152,-178
mil,wsh,4-5,110,-126
sf,mia,2-3,-133,114
cle,det,1-5,110,-126
tex,tor,6-9,150,-175
cin,nyy,2-3,106,-121
sea,laa,3-2,-108,-106
bal,oak,8-4,136,-156
nym,sd,0-6,119,-136
chc,ari,3-9,131,-151
phi,atl,2-1,-108,-105
kc,bos,1-2,110,-126
hou,chw,3-4,-108,-106
sf,mia,5-3,-114,-101
tb,min,5-1,-151,131
cle,det,5-2,166,-188
col,pit,2-3,141,-161
mil,wsh,3-8,108,-125
cle,det,6-2,-138,123
tex,tor,1-4,149,-175
cin,nyy,1-7,129,-149
nym,sd,5-4,110,-128
sea,laa,2-3,120,-136
bal,oak,4-5,141,-163
chc,ari,4-5,112,-131
hou,chw,2-3,144,-166
tb,min,6-2,-123,108
phi,atl,4-6,148,-172
kc,bos,4-5,108,-125
sf,mia,9-1,-129,112
cle,det,9-3,141,-163
tex,tor,5-1,-109,-104
cin,nyy,3-4,119,-136
col,pit,2-4,137,-158
mil,wsh,4-2,147,-172
nyy,bal,1-3,125,-147
min,col,13-5,116,-133
sd,lad,0-1,127,-147
oak,sea,4-1,-153,133
ari,sf,4-8,164,-188
laa,tex,10-7,-153,134
atl,chc,10-7,-161,139
bos,hou,11-0,-133,116
det,kc,2-5,-140,122
tor,tb,0-3,156,-178
wsh,phi,10-3,-138,121
pit,cin,3-6,106,-125
mia,nym,1-9,131,-149
chw,cle,2-3,143,-163
sd,lad,0-1,-111,-103
oak,sea,2-6,-106,-108
pit,cin,6-5,-105,-109
wsh,phi,5-3,-128,110
laa,tex,5-2,-169,147
det,kc,5-1,110,-128
min,col,9-3,149,-172
bos,hou,2-3,-129,112
mia,nym,4-5,102,-117
tor,tb,3-10,108,-125
nyy,bal,3-0,129,-149
atl,chc,11-6,-133,114
ari,sf,2-0,106,-121
chw,cle,6-2,162,-185
ari,sf,0-5,114,-129
sd,lad,6-3,102,-119
oak,sea,2-3,122,-140
min,col,2-6,161,-185
bos,hou,8-3,-138,120
det,kc,2-1,-129,112
laa,tex,3-0,-178,154
pit,cin,5-6,-108,-106
mia,nym,1-7,102,-119
tor,tb,8-5,119,-136
nyy,bal,2-3,-103,-112
chw,cle,4-7,195,-227
wsh,phi,2-6,-151,129
atl,chc,4-5,-105,-109
sd,lad,1-2,242,-294
min,sea,4-2,140,-161
det,kc,16-4,-102,-112
laa,tex,15-6,-133,114
atl,nym,3-1,108,-125
wsh,bal,3-4,-111,-103
nyy,cle,3-9,123,-142
chw,bos,3-4,137,-158
oak,sf,6-1,-112,-102
phi,mil,9-1,190,-222
chc,cin,6-4,121,-138
oak,sf,2-5,-121,106
min,sea,8-1,129,-149
phi,mil,4-1,160,-185
hou,tex,8-4,184,-212
chw,bos,4-5,-117,100
chc,cin,1-4,137,-158
atl,nym,1-4,-121,104
kc,tb,5-4,104,-120
wsh,bal,6-2,-105,-109
nyy,cle,5-4,108,-125
mia,ari,3-4,-101,-114
tor,laa,7-8,127,-147
sd,col,3-6,110,-126
lad,det,1-4,100,-116
min,sea,2-0,102,-120
tor,laa,4-0,147,-169
sf,oak,1-6,137,-158
mia,ari,2-1,102,-119
sd,col,1-2,-114,-101
phi,mil,9-7,152,-178
hou,tex,8-3,127,-147
chw,bos,8-3,146,-169
chc,cin,5-6,-107,-106
atl,nym,3-8,-149,129
kc,tb,3-4,-113,-102
lad,det,5-14,104,-121
nyy,cle,3-5,-158,137
chc,cin,2-4,190,-222
min,sea,0-2,186,-217
tor,laa,2-5,154,-178
sf,oak,0-5,147,-172
mia,ari,1-9,102,-120
sd,col,6-1,100,-114
phi,mil,3-2,120,-138
hou,tex,12-7,127,-147
chw,bos,4-0,175,-204
chc,cin,3-9,136,-156
nyy,cle,5-3,129,-149
atl,nym,3-4,-123,106
kc,tb,6-0,112,-129
bal,wsh,8-2,163,-188
tb,det,7-3,-114,102
lad,col,8-2,-123,106
sf,sd,5-3,119,-136
tor,oak,2-4,127,-147
hou,laa,1-6,193,-227
sea,chw,0-1,-135,118
nyy,min,9-7,-133,116
bal,bos,7-6,110,-126
ari,atl,3-1,149,-172
phi,pit,2-6,142,-163
chc,wsh,1-2,152,-175
mil,cin,2-4,104,-121
tex,nym,4-8,106,-123
kc,cle,1-4,133,-153
hou,laa,5-11,156,-178
tor,oak,1-5,129,-149
bal,bos,7-4,139,-161
tex,nym,5-3,106,-123
sf,sd,5-3,-135,118
kc,cle,3-7,104,-120
ari,atl,4-10,127,-149
mil,cin,1-0,114,-133
lad,col,7-8,-112,-102
tb,det,7-2,112,-129
phi,pit,2-3,152,-175
chc,wsh,0-13,172,-200
sea,chw,3-2,-147,125
nyy,min,1-2,-109,-105
bal,bos,2-3,129,-147
hou,laa,6-7,159,-185
lad,col,9-0,-222,193
ari,atl,2-5,141,-163
sea,chw,1-7,152,-178
mil,cin,2-4,-104,-111
tex,nym,5-6,-156,137
tb,det,6-3,106,-123
kc,cle,7-1,-103,-112
sf,sd,0-2,-113,-101
phi,pit,2-8,173,-200
tor,oak,0-1,110,-128
nyy,min,6-5,-107,-107
chc,wsh,7-2,141,-163
hou,laa,2-5,166,-192
tor,oak,1-4,124,-142
lad,col,3-2,-144,125
nyy,min,7-4,-153,133
tb,det,1-8,171,-200
tex,bal,2-5,-131,112
ari,pit,10-2,136,-158
phi,mia,5-4,119,-136
laa,chw,2-3,-158,138
nym,atl,1-3,169,-196
chc,bos,16-9,158,-181
phi,mia,0-5,-120,104
tex,bal,4-6,121,-138
ari,pit,1-5,146,-166
col,wsh,3-4,167,-196
cin,sd,0-3,-120,104
cle,lad,5-4,119,-136
sea,hou,5-2,-112,-102
kc,min,4-0,-140,121
oak,det,3-9,106,-123
tb,nyy,6-3,-113,-101
mil,tor,4-7,104,-120
cle,lad,10-3,118,-136
cin,sd,2-8,-109,-106
laa,chw,7-5,-169,145
sea,hou,13-2,-133,116
kc,min,2-10,-138,121
nym,atl,4-5,158,-181
chc,bos,2-1,152,-175
phi,mia,4-5,131,-149
oak,det,0-3,104,-119
tex,bal,3-8,129,-149
tb,nyy,2-1,-125,108
ari,pit,2-3,122,-140
col,wsh,1-7,210,-250
laa,chw,8-4,-163,144
mil,tor,1-4,114,-131
cle,lad,0-1,-128,112
cin,sd,0-1,-107,-106
sea,hou,10-4,-109,-104
kc,min,6-1,-133,114
nym,atl,3-5,149,-172
chc,bos,2-0,140,-161
oak,det,4-5,112,-129
tex,bal,1-7,116,-133
tb,nyy,4-3,-101,-113
col,wsh,3-7,204,-238
bos,nyy,8-5,-106,-108
ari,sd,1-2,102,-119
cle,sea,0-3,152,-175
cin,sf,4-0,108,-126
min,tex,3-2,106,-123
det,hou,4-6,-131,112
laa,kc,4-5,-120,104
col,mil,10-4,142,-163
tb,bal,12-7,-114,100
atl,phi,3-2,-125,108
nym,pit,2-5,104,-120
oak,mia,4-3,-121,106
chw,tor,4-0,108,-126
ari,sd,3-1,104,-120
cle,sea,5-0,108,-125
cin,sf,7-3,-111,-104
wsh,chc,7-2,114,-131
bos,nyy,2-1,133,-153
atl,phi,5-1,-123,106
det,hou,4-3,-175,150
oak,mia,7-6,-158,138
col,mil,4-7,131,-151
tb,bal,5-4,124,-142
nym,pit,5-3,137,-156
min,tex,0-5,142,-163
laa,kc,6-2,117,-135
atl,phi,10-3,-129,112
chw,tor,4-3,-113,-102
wsh,chc,3-0,-144,129
cin,sf,6-2,106,-123
ari,sd,2-1,106,-123
cle,sea,2-3,-123,106
det,hou,3-4,-140,122
laa,kc,6-8,108,-123
col,mil,2-3,173,-200
min,tex,4-5,122,-140
oak,mia,9-5,-161,141
chw,tor,5-4,142,-163
tb,bal,1-4,-109,-106
bos,nyy,0-6,102,-119
atl,phi,4-2,-142,125
nym,pit,2-3,129,-151
wsh,chc,2-7,-119,102
tb,bal,5-2,120,-136
cin,sf,3-1,-113,100
col,mil,4-7,179,-208
wsh,chc,3-5,-142,125
det,tex,6-0,-117,100
chw,tor,0-7,165,-192
mia,phi,3-5,143,-166
nym,pit,2-5,145,-166
min,laa,4-6,152,-175
atl,hou,1-6,-114,-102
bos,sea,5-4,116,-133
min,laa,2-6,162,-188
cle,ari,6-1,-129,112
atl,hou,4-0,-128,110
lad,kc,5-4,136,-156
det,tex,8-6,-144,124
oak,nym,8-5,-114,-101
nyy,tor,5-3,-104,-111
chw,bal,4-5,127,-147
cin,chc,4-1,-140,121
mia,phi,3-2,-101,-113
sd,sf,0-4,100,-114
wsh,mil,2-9,-142,123
pit,tb,1-5,148,-169
sd,sf,7-2,133,-153
bos,sea,2-8,-108,-106
min,laa,6-8,150,-175
cle,ari,8-9,112,-129
atl,hou,3-2,-113,-102
lad,kc,2-0,-153,134
wsh,mil,4-2,-102,-113
cin,chc,3-7,-119,102
det,tex,8-2,-114,-101
oak,nym,1-10,-131,114
pit,tb,6-5,114,-131
nyy,tor,6-7,117,-135
chw,bal,4-2,112,-131
mia,phi,4-7,-120,104
sd,sf,6-0,143,-166
bos,sea,3-12,125,-147
lad,kc,3-5,-107,-107
wsh,mil,3-0,119,-138
cin,chc,6-1,100,-116
pit,tb,8-1,135,-156
nyy,tor,3-8,108,-125
chw,bal,4-6,-105,-109
mia,phi,4-0,-102,-113
tex,laa,2-5,-120,104
sf,ari,4-1,-140,123
mil,col,6-5,-131,114
lad,sd,2-1,-156,137
bos,oak,7-6,102,-119
pit,chc,2-1,104,-119
sea,kc,2-1,127,-147
chw,min,5-6,131,-151
bal,nyy,8-0,181,-212
hou,tb,2-5,110,-128
atl,wsh,1-4,106,-121
tor,cin,3-4,123,-140
nym,mia,11-5,102,-119
det,cle,10-4,-113,-102
sf,ari,6-4,104,-117
lad,sd,4-2,-112,-103
tex,laa,2-3,174,-204
pit,chc,5-3,-120,104
det,cle,5-4,-107,-107
atl,wsh,0-3,102,-117
tor,cin,1-11,104,-120
mil,col,9-4,-147,127
nym,mia,4-0,-101,-113
hou,tb,0-8,169,-192
bos,oak,1-2,125,-147
sea,kc,2-1,156,-181
chw,min,3-4,108,-126
bal,nyy,6-1,-111,-104
lad,sd,5-6,-105,-109
tex,laa,3-7,162,-188
bos,oak,3-4,138,-158
sf,ari,1-4,100,-114
mil,col,13-10,-105,-108
sea,kc,7-5,124,-142
chw,min,4-5,129,-149
tor,cin,14-9,133,-153
nym,mia,2-3,127,-149
hou,tb,3-1,165,-192
det,cle,6-4,135,-156
bal,nyy,3-5,131,-153
atl,wsh,6-4,134,-156
pit,chc,3-6,-125,108
bos,oak,2-4,148,-172
chw,min,2-4,-108,-105
nym,mia,1-0,114,-131
hou,tb,0-5,141,-163
tor,nyy,4-6,-112,-103
atl,wsh,3-0,124,-142
sea,sd,1-4,125,-144
mil,ari,4-1,-101,-113
kc,det,1-2,141,-163
cin,pit,3-4,-112,-103
laa,cle,3-5,-125,110
col,lad,0-8,186,-217
sea,sd,1-2,-142,125
mil,ari,3-4,-109,-104
tor,nyy,3-7,-103,-112
cin,pit,11-4,114,-133
hou,wsh,5-6,152,-175
tex,oak,2-4,156,-178
sf,chw,6-7,123,-140
min,bos,1-2,160,-185
bal,tb,2-0,129,-149
kc,det,2-1,119,-138
chc,mia,6-1,106,-123
phi,atl,10-5,150,-175
col,lad,2-4,156,-181
tex,oak,6-10,-111,-105
mil,ari,7-5,-126,110
sf,chw,2-8,-120,104
phi,atl,5-2,154,-181
min,bos,1-2,143,-163
chc,mia,5-6,-114,100
bal,tb,7-5,100,-114
kc,det,11-4,129,-149
laa,cle,9-3,108,-123
tor,nyy,1-3,152,-175
cin,pit,6-5,-120,102
hou,wsh,5-6,131,-151
sd,sea,1-6,118,-135
col,lad,1-6,144,-166
sd,sea,1-5,-128,112
tex,oak,14-8,148,-172
mil,ari,9-3,108,-125
phi,atl,6-1,118,-136
min,bos,0-1,148,-172
chc,mia,5-4,-107,-107
bal,tb,4-5,110,-128
kc,det,11-8,123,-142
laa,cle,3-4,-111,-103
laa,atl,3-7,106,-123
ari,lad,6-3,129,-149
tex,sea,1-5,150,-172
nyy,oak,5-10,139,-158
col,sf,8-7,173,-204
kc,chw,6-3,-156,134
tb,hou,4-3,-163,142
cin,mil,13-4,108,-125
tor,bal,5-2,100,-116
cle,bos,3-2,-111,-104
chc,phi,3-0,110,-128
pit,mia,2-3,-107,-107
sd,nym,1-3,-123,106
min,det,3-4,127,-147
ari,lad,4-6,119,-136
tex,sea,4-3,-108,-107
nyy,oak,1-5,136,-156
laa,atl,11-6,-114,-102
cin,mil,2-4,106,-123
tb,hou,3-7,-142,124
pit,mia,8-6,-125,106
sd,nym,5-0,114,-131
min,det,9-12,172,-200
tor,bal,2-3,-111,-105
cle,bos,3-2,125,-144
col,sf,5-4,143,-166
chc,phi,4-7,-101,-113
kc,chw,9-1,-129,112
col,sf,7-4,117,-135
ari,lad,3-4,183,-217
tex,sea,1-0,167,-196
nyy,oak,7-0,166,-192
kc,chw,7-2,110,-128
tb,hou,6-1,-131,114
cin,mil,6-5,102,-119
laa,atl,3-4,-114,100
cle,bos,3-10,121,-138
pit,mia,8-6,110,-126
sd,nym,2-6,-109,-105
min,det,2-0,140,-161
tor,bal,4-0,-113,-101
chc,phi,2-1,-103,-112
nyy,sea,6-3,-101,-114
det,chw,4-0,100,-116
ari,hou,4-5,-116,-101
cle,bos,2-5,142,-163
mil,nym,5-1,-131,114
tor,bal,2-4,-104,-109
chc,pit,0-4,104,-120
wsh,sf,1-7,131,-151
atl,col,3-10,-112,-102
sd,phi,3-7,-111,-104
lad,cin,1-4,-126,108
wsh,sf,6-2,108,-125
nyy,sea,4-2,-188,161
oak,laa,7-1,118,-136
atl,col,2-8,-138,120
det,chw,2-8,-156,136
ari,hou,1-5,104,-121
mia,tex,0-6,212,-250
lad,cin,0-5,116,-133
mil,nym,3-1,-120,102
bos,bal,0-6,119,-136
sd,phi,0-3,110,-128
chc,pit,2-4,114,-131
cle,kc,1-4,106,-121
min,tor,7-2,134,-156
wsh,sf,2-1,114,-131
nyy,sea,3-2,125,-147
oak,laa,1-2,-116,100
atl,col,13-10,-125,108
cle,kc,5-9,-112,-101
mia,tex,8-5,137,-156
lad,cin,6-1,112,-129
mil,nym,2-6,-131,114
min,tor,4-0,152,-175
bos,bal,1-0,106,-123
sd,phi,2-5,-116,100
chc,pit,7-3,152,-175
hou,ari,1-4,119,-136
wsh,sf,9-2,-129,112
oak,laa,1-4,106,-123
hou,ari,4-3,127,-147
atl,col,3-1,-129,112
det,chw,5-6,-128,110
cle,tex,17-7,-113,-102
lad,cin,6-2,100,-116
min,tor,4-5,154,-181
bos,bal,0-4,-104,-111
chc,pit,2-6,129,-151
sea,tb,3-0,171,-200
bos,det,5-3,110,-128
atl,ari,5-6,-107,-108
lad,col,6-1,-133,116
wsh,sd,6-0,-126,108
nym,sf,4-6,110,-129
chw,laa,2-4,144,-166
cle,tex,3-2,100,-117
mia,chc,4-3,-109,-106
nyy,kc,1-2,112,-129
hou,min,14-5,100,-117
sea,tb,5-0,-121,104
oak,bal,11-1,-138,120
mil,pit,1-0,-117,100
phi,cin,1-4,143,-166
atl,ari,3-4,-112,-102
wsh,sd,3-4,116,-133
chw,laa,5-6,-117,102
nym,sf,4-5,139,-161
oak,bal,3-6,-135,117
bos,det,6-8,112,-129
nyy,kc,4-8,104,-120
phi,cin,5-6,124,-142
lad,col,4-5,-136,119
sea,tb,7-4,134,-153
mia,chc,2-5,123,-142
mil,pit,9-3,-101,-114
cle,tex,8-3,-103,-111
hou,min,0-8,104,-120
nym,sf,2-4,131,-153
wsh,sd,6-0,106,-121
chw,laa,4-8,169,-196
atl,ari,5-2,-116,100
lad,col,7-2,-120,104
nyy,kc,4-2,-116,100
hou,min,5-4,100,-116
cle,tex,4-6,141,-161
phi,cin,8-0,120,-138
sea,tb,0-4,131,-151
bos,det,2-6,129,-147
oak,bal,4-3,-111,-104
mil,pit,5-15,-111,-104
mia,chc,3-5,106,-123
ari,col,12-7,116,-135
mil,min,8-5,-133,117
bal,tex,6-8,-101,-111
laa,hou,5-8,-140,122
nym,chc,4-7,102,-119
mia,tb,11-6,146,-169
phi,wsh,2-4,175,-204
tor,det,7-3,139,-161
oak,nyy,1-2,129,-149
sf,cin,6-1,-133,116
chw,lad,2-1,158,-181
ari,col,16-8,114,-133
laa,hou,4-0,-126,108
mil,min,4-6,-116,100
nym,chc,4-5,102,-119
bal,tex,6-5,-112,-103
sf,cin,3-2,-103,-112
mia,tb,5-4,186,-217
tor,det,8-2,-103,-112
bos,cle,4-7,125,-144
oak,nyy,7-4,-140,122
phi,wsh,4-8,166,-192
pit,sd,2-3,-102,-113
sea,atl,2-0,122,-140
chw,lad,4-1,154,-178
pit,sd,4-1,-128,112
ari,col,4-2,146,-166
laa,hou,2-7,-135,117
min,mil,6-4,135,-153
nym,chc,1-2,-103,-111
bal,tex,8-3,-104,-109
sea,atl,7-5,145,-163
sf,cin,3-8,112,-129
tb,mia,0-1,-119,102
tor,det,5-3,125,-144
bos,cle,3-5,104,-120
oak,nyy,5-2,-125,108
phi,wsh,0-7,173,-200
chw,lad,2-5,177,-208
pit,sd,10-3,106,-121
min,mil,2-6,149,-172
tb,mia,1-3,-144,125
bos,cle,2-3,-125,108
sea,nyy,10-2,-135,118
nym,phi,11-2,-114,-102
pit,lad,5-3,160,-181
cin,ari,4-3,124,-142
det,sea,0-4,-156,136
laa,oak,3-6,131,-149
sd,chw,1-4,154,-178
bal,hou,9-4,-116,100
chc,mil,0-9,131,-149
tb,bos,0-4,142,-163
nym,phi,4-3,117,-133
tex,wsh,2-0,-117,102
atl,mia,4-2,104,-119
kc,tor,0-4,138,-158
col,cle,4-6,108,-125
min,nyy,7-2,114,-131
cin,ari,5-0,100,-116
det,sea,2-3,-153,133
laa,oak,3-11,118,-135
tb,bos,1-7,-108,-104
pit,lad,2-12,134,-153
bal,hou,4-1,104,-119
atl,mia,9-5,-116,102
chc,mil,8-0,129,-149
col,cle,6-7,116,-133
nym,phi,5-4,-103,-112
sd,chw,4-2,-135,118
kc,tor,2-12,154,-175
min,nyy,1-3,222,-263
tex,wsh,2-10,117,-133
pit,lad,2-1,100,-113
det,sea,6-3,100,-114
laa,oak,5-9,104,-120
cin,ari,6-4,104,-119
sd,chw,4-1,-125,110
bal,hou,1-2,-114,102
chc,mil,5-11,149,-169
tb,bos,2-3,-142,125
atl,mia,3-2,-135,118
kc,tor,6-1,114,-131
col,cle,2-5,146,-169
min,nyy,6-1,123,-142
nym,phi,5-6,114,-131
tex,wsh,2-9,163,-185
pit,lad,6-3,-101,-113
laa,sea,7-5,-120,104
cin,ari,0-4,112,-128
bal,hou,1-3,-121,106
atl,bos,3-4,-114,100
kc,tor,8-6,114,-131
nym,phi,4-1,-108,-106
det,oak,5-4,123,-140
tex,min,5-4,106,-123
cin,lad,3-2,168,-192
laa,sea,1-3,110,-126
det,oak,1-3,116,-133
sd,ari,6-12,102,-116
cle,chw,2-3,-116,102
bal,mil,3-8,110,-126
tex,min,1-0,-102,-112
atl,bos,0-4,125,-142
tb,tor,2-3,-106,-107
col,phi,3-6,108,-125
mia,wsh,8-5,129,-149
chc,sf,0-5,135,-153
hou,kc,9-3,124,-140
pit,nym,0-5,-107,-106
chc,sf,0-4,148,-169
cin,lad,3-6,162,-185
laa,sea,6-4,-133,117
det,oak,6-5,119,-135
sd,ari,4-3,114,-129
cle,chw,1-2,147,-166
hou,kc,3-0,112,-129
bal,mil,6-7,112,-128
tex,min,3-4,106,-121
bos,atl,6-3,-105,-107
pit,nym,2-4,-112,-102
tb,tor,6-9,-101,-112
col,phi,6-2,104,-120
sd,ari,5-7,108,-123
hou,kc,9-2,159,-185
cin,lad,3-4,106,-121
tb,tor,5-10,127,-147
col,phi,0-9,-106,-108
laa,sea,1-5,-149,129
det,oak,0-10,116,-133
chc,sf,8-4,114,-129
cle,chw,2-6,102,-119
bal,mil,7-6,137,-156
tex,min,7-2,-119,104
mia,wsh,3-2,125,-142
bos,atl,8-6,118,-135
pit,nym,5-3,-113,100
col,atl,0-7,148,-169
chc,sd,3-4,127,-144
hou,sea,4-1,121,-136
min,sf,1-8,150,-172
kc,laa,3-4,139,-158
ari,nym,2-4,106,-119
nyy,chw,7-1,-188,164
bos,tb,5-8,104,-120
cle,bal,2-4,102,-117
lad,phi,6-0,-113,-101
wsh,pit,5-2,106,-121
mil,mia,7-1,-125,110
ari,nym,2-1,-111,-103
tex,det,12-4,150,-172
oak,tor,1-3,-112,-102
chc,sd,3-2,-105,-107
hou,sea,9-4,104,-120
min,sf,1-2,122,-138
kc,laa,7-4,-105,-108
wsh,pit,2-3,-103,-111
col,atl,3-1,135,-153
mil,mia,1-2,-105,-109
ari,nym,3-2,102,-116
bos,tb,5-6,140,-158
tex,det,12-2,150,-169
lad,phi,3-5,-133,117
nyy,chw,4-3,-123,108
oak,tor,2-5,-109,-104
cle,bal,9-0,-111,-102
min,sf,2-6,141,-161
chc,sd,1-11,117,-131
hou,sea,1-6,217,-256
kc,laa,1-6,139,-158
nyy,chw,5-6,-142,125
col,atl,2-3,125,-144
mil,mia,9-5,100,-116
bos,tb,0-1,-109,-104
tex,det,2-7,158,-181
oak,tor,2-3,-125,108
cle,bal,4-8,123,-140
lad,phi,2-0,-178,154
wsh,pit,3-4,104,-119
chc,sd,5-1,125,-142
hou,sea,1-3,138,-156
nyy,chw,2-3,135,-153
mil,atl,4-5,125,-142
lad,nym,3-5,-151,133
cle,bal,8-7,123,-140
wsh,pit,1-3,112,-128
oak,tb,2-5,-105,-108
tor,bos,7-2,137,-156
tex,det,9-2,-119,104
phi,mia,3-4,-113,100
hou,laa,1-2,148,-172
min,sd,2-0,121,-138
sf,col,5-1,112,-131
chw,kc,1-3,102,-119
mil,atl,6-1,124,-142
tor,bos,6-4,104,-121
phi,mia,5-14,125,-144
lad,nym,4-3,-125,108
oak,tb,3-2,-113,-101
bal,pit,8-9,104,-121
cin,wsh,2-1,125,-142
nyy,chc,4-2,-104,-111
sea,tex,3-4,129,-149
det,cle,10-11,-153,136
min,sd,5-3,156,-178
hou,laa,3-9,150,-175
sf,col,4-5,-116,100
chw,kc,7-6,161,-185
nyy,chc,1-6,-172,150
sea,tex,6-2,-113,-102
mil,atl,0-5,127,-147
tor,bos,7-4,124,-142
phi,mia,6-5,-101,-114
lad,nym,9-4,-131,112
oak,tb,3-0,-117,100
det,cle,2-6,-133,116
bal,pit,9-2,131,-151
cin,wsh,4-9,-106,-109
hou,laa,5-2,168,-196
chw,kc,7-6,168,-196
mil,atl,3-9,110,-126
det,cle,4-5,-102,-112
cin,wsh,4-3,159,-185
det,bos,6-2,104,-120
lad,ari,3-5,-119,102
sd,col,6-8,156,-175
pit,nyy,5-3,-125,110
mia,sf,1-4,143,-163
tb,laa,2-6,-126,110
tor,tex,2-6,-120,104
mil,chc,2-4,-128,110
chw,hou,2-8,108,-125
bal,kc,6-8,124,-142
sea,min,6-2,-153,133
cin,phi,3-8,121,-140
nym,wsh,3-6,146,-169
oak,cle,13-3,-123,106
pit,nyy,3-4,127,-142
tb,laa,0-6,143,-163
mia,sf,5-0,127,-149
lad,ari,7-18,-181,156
sd,col,8-5,112,-129
tor,tex,4-2,-105,-106
det,bos,6-1,124,-140
bal,kc,0-1,106,-123
sea,min,3-4,-107,-107
oak,cle,6-2,-147,127
cin,phi,1-12,120,-138
chw,hou,5-6,-101,-113
pit,nyy,1-7,114,-131
nym,wsh,5-2,139,-161
mil,chc,0-3,-120,104
mia,sf,7-5,122,-138
tb,laa,3-0,120,-138
lad,ari,7-0,-147,127
sd,col,1-3,135,-156
chw,hou,7-2,-106,-107
bal,kc,4-0,-108,-105
sea,min,4-5,-102,-112
tor,tex,2-0,152,-175
det,bos,1-0,-108,-106
oak,cle,11-1,-140,123
cin,phi,3-0,110,-129
nym,wsh,2-5,123,-142
mil,chc,4-3,104,-119
mia,sf,4-6,123,-142
tb,laa,5-6,125,-144
bal,kc,2-1,121,-138
nyy,nym,1-0,-114,-101
cle,tor,2-4,-107,-107
sd,cin,6-1,-116,102
pit,mil,3-4,127,-149
bos,min,3-4,-129,112
sd,cin,0-5,127,-144
mia,lad,13-3,133,-149
tex,hou,4-5,-119,102
pit,mil,4-1,102,-117
bos,min,9-4,-131,116
nyy,nym,4-0,-156,136
cle,tor,15-4,-106,-108
atl,sf,4-10,116,-133
wsh,ari,5-1,104,-120
tb,sea,2-0,-120,104
chw,oak,4-2,168,-196
col,kc,2-3,117,-135
laa,phi,3-0,-114,100
det,bal,7-5,-117,104
atl,sf,5-0,-111,-103
mia,lad,1-7,140,-161
tb,sea,2-1,-117,102
chw,oak,0-11,165,-188
wsh,ari,1-3,-138,120
tex,hou,0-8,-117,102
col,kc,1-5,127,-147
pit,mil,2-5,-101,-114
bos,min,6-8,-135,117
sd,cin,2-1,-101,-114
cle,tor,4-5,114,-131
det,bal,4-1,-108,-106
nym,nyy,12-7,125,-144
laa,phi,4-3,147,-169
atl,sf,2-4,-108,-106
mia,lad,5-6,129,-151
tb,sea,5-12,140,-161
chw,oak,4-5,174,-200
wsh,ari,6-5,-119,102
tex,hou,4-0,-138,121
laa,tor,3-7,-101,-114
det,bal,4-1,-106,-108
nym,nyy,9-7,145,-166
sf,lad,7-4,150,-172
mia,sd,4-5,110,-128
kc,sea,9-7,119,-136
wsh,oak,1-9,120,-138
bos,tex,5-2,-116,100
ari,chw,5-1,-111,-103
nyy,mil,5-6,-105,-109
cle,tb,6-5,121,-138
chc,atl,2-5,135,-156
hou,bal,5-2,152,-175
col,cin,1-4,112,-129
phi,nym,4-5,114,-133
min,det,4-3,134,-153
laa,tor,9-3,112,-129
kc,sea,1-3,-133,116
wsh,oak,3-4,143,-163
mia,sd,3-9,-111,-105
bos,tex,8-3,-135,116
chc,atl,0-2,144,-166
ari,chw,4-3,106,-121
col,cin,11-2,100,-116
nyy,mil,4-5,110,-128
phi,nym,5-4,118,-136
cle,tb,1-7,106,-123
hou,bal,4-5,133,-153
sf,lad,2-6,139,-161
min,det,3-9,225,-270
laa,tor,5-3,-104,-109
sf,lad,3-1,-133,114
mia,sd,1-10,-136,120
kc,sea,6-1,-111,-104
wsh,oak,0-8,106,-123
ari,chw,3-9,-129,112
nyy,mil,5-3,-133,114
bos,tex,0-8,136,-156
chc,atl,2-3,156,-181
col,cin,3-4,146,-169
phi,nym,3-2,112,-128
cle,tb,6-3,104,-119
min,det,2-1,190,-222
laa,tor,4-3,-112,-102
hou,bal,3-4,145,-169
mia,sd,3-1,134,-153
sf,lad,3-1,125,-144
kc,sea,0-1,110,-126
chc,chw,12-5,104,-120
col,tex,0-5,121,-138
bal,tb,3-1,152,-175
phi,tor,6-12,127,-147
hou,det,6-2,159,-185
min,cle,4-9,152,-175
nyy,laa,9-2,120,-138
chc,chw,3-8,-107,-107
col,tex,9-2,108,-125
cin,bos,3-4,141,-161
bal,tb,4-3,106,-125
hou,det,2-3,183,-212
phi,tor,0-10,-104,-111
min,cle,3-4,139,-161
sea,oak,0-2,141,-158
kc,sd,8-0,-112,-103
sea,oak,6-4,-119,104
ari,mil,3-2,134,-153
lad,wsh,2-3,121,-138
nym,mia,0-1,-104,-111
sf,pit,3-4,129,-149
kc,sd,3-1,102,-117
nyy,laa,4-3,121,-140
sea,oak,8-3,152,-178
tex,col,1-12,104,-121
ari,mil,7-5,125,-147
chw,chc,5-1,120,-138
cin,bos,3-4,114,-131
nym,mia,0-3,106,-121
bal,tb,5-3,123,-140
hou,det,4-11,160,-185
min,cle,2-4,125,-144
tor,phi,6-5,100,-116
sf,pit,1-2,-116,100
lad,wsh,8-3,-161,142
kc,sd,5-6,-126,108
nyy,laa,1-4,131,-149
sea,oak,4-2,174,-204
tex,col,2-8,-102,-113
ari,mil,3-8,127,-147
chw,chc,3-1,106,-123
nym,mia,3-4,114,-133
hou,det,0-2,229,-277
min,cle,1-0,138,-161
lad,wsh,0-4,-114,-101
tor,phi,3-0,-111,-103
sf,pit,11-10,-108,-105
mil,cin,3-4,-101,-113
nym,col,5-1,110,-126
ari,sd,3-4,112,-129
tex,laa,14-3,-112,-103
wsh,phi,0-1,-135,119
sea,hou,8-7,-104,-111
det,kc,9-4,-133,116
bal,min,2-5,-104,-111
sf,atl,4-1,116,-133
oak,bos,3-2,-108,-106
tor,pit,7-2,110,-126
lad,mia,4-5,152,-175
chw,cle,4-3,133,-153
tb,nyy,5-1,122,-140
tex,laa,3-5,122,-140
ari,sd,4-3,114,-131
nym,col,10-11,110,-128
sf,atl,3-1,154,-181
mil,cin,2-6,127,-147
det,kc,9-2,-116,100
lad,mia,9-7,-119,102
wsh,phi,2-7,-105,-109
tor,pit,6-8,110,-128
chw,cle,0-2,145,-166
sea,hou,9-8,-126,112
bal,min,1-6,-131,114
oak,bos,3-6,123,-142
tb,nyy,3-9,169,-196
ari,sd,2-0,131,-151
tex,laa,5-2,114,-129
nym,col,3-10,116,-133
sea,hou,4-5,-200,171
det,kc,8-2,118,-135
bal,min,3-0,-101,-113
sf,atl,2-1,119,-136
oak,bos,1-7,106,-121
mil,cin,2-0,102,-120
lad,mia,3-6,-121,104
chw,cle,5-12,131,-151
tb,nyy,10-5,-136,120
wsh,phi,5-3,-104,-111
tor,pit,5-6,121,-140
nym,col,4-7,117,-135
tor,kc,7-3,-116,100
pit,bal,5-6,118,-133
tb,bos,6-5,100,-114
mil,cin,3-8,100,-114
atl,mia,4-5,-138,120
lad,min,4-3,-107,-105
sea,nyy,4-2,134,-153
pit,bal,1-5,106,-123
lad,min,9-4,-153,135
tb,bos,2-1,140,-163
sd,sf,2-3,144,-166
col,ari,4-5,104,-121
wsh,hou,7-0,-144,127
tor,kc,2-4,116,-131
lad,min,6-4,-169,147
oak,tex,12-1,102,-119
chc,cin,9-4,160,-185
atl,mia,3-9,-113,-102
cle,laa,1-7,131,-151
det,chw,5-1,-178,158
sd,sf,0-6,135,-153
cle,laa,4-6,112,-131
col,ari,5-4,-109,-105
det,chw,4-3,-144,125
wsh,hou,4-3,-147,127
tor,kc,7-10,125,-142
oak,tex,9-3,-114,100
tb,bos,4-7,150,-175
chc,cin,2-3,119,-135
atl,mia,0-9,116,-133
sea,nyy,6-3,156,-181
nym,phi,6-1,123,-142
sd,sf,6-4,150,-172
cle,laa,3-6,108,-125
col,ari,8-5,114,-133
tb,chw,3-7,-129,112
oak,tex,4-0,110,-126
laa,nyy,2-3,147,-169
phi,ari,2-0,117,-135
col,lad,6-1,135,-156
tex,sea,5-6,-111,-104
cle,sf,1-4,-117,102
tb,chw,2-9,-175,150
oak,hou,1-5,-156,135
chc,mil,4-0,127,-149
cin,atl,0-1,-106,-108
kc,bal,9-3,-133,116
sd,wsh,4-2,100,-116
mia,nym,0-4,104,-119
bos,tor,1-7,-112,-103
col,lad,3-6,-102,-113
tex,sea,6-3,150,-172
phi,ari,6-5,-151,131
cin,atl,1-4,108,-123
tb,chw,4-0,-109,-105
oak,hou,6-7,-144,125
chc,mil,3-5,145,-166
mia,nym,7-6,122,-140
kc,bal,2-3,121,-140
cle,sf,3-5,100,-116
det,min,3-5,-140,122
bos,tor,7-6,-107,-107
laa,nyy,3-4,-102,-113
sd,wsh,0-4,-103,-112
cle,sf,1-5,133,-153
col,lad,5-4,127,-144
tex,sea,5-6,-114,100
phi,ari,4-5,114,-131
tb,chw,6-9,-140,123
oak,hou,12-5,-188,160
chc,mil,2-5,156,-178
det,min,10-6,-131,114
cin,atl,4-5,122,-140
mia,nym,3-4,100,-114
bos,tor,8-1,102,-116
kc,bal,5-0,-107,-107
laa,nyy,13-1,106,-121
sd,wsh,1-11,168,-196
phi,lad,7-3,149,-172
oak,hou,10-1,-172,150
nyy,bos,14-5,104,-120
bal,tor,11-4,120,-138
sd,wsh,4-3,143,-166
ari,chc,5-2,104,-121
min,tb,9-7,142,-163
chw,det,4-7,188,-222
cin,pit,2-1,-101,-112
kc,cle,1-5,110,-128
phi,lad,2-5,148,-172
sd,mil,2-5,118,-135
nyy,bos,1-5,100,-114
min,tb,6-4,158,-185
chw,det,6-4,165,-192
bal,tor,10-8,100,-114
kc,cle,3-5,110,-128
cin,pit,5-2,108,-125
laa,wsh,4-5,110,-126
hou,sea,3-5,131,-151
tex,oak,3-0,146,-166
sf,col,12-10,-103,-112
ari,chc,7-5,100,-116
mia,atl,1-3,124,-140
phi,lad,3-2,160,-185
hou,sea,5-2,149,-169
tex,oak,5-4,142,-163
sf,col,1-2,-121,106
sd,mil,2-1,123,-142
ari,chc,2-9,-101,-114
mia,atl,1-0,114,-131
nyy,bos,9-3,104,-120
min,tb,3-7,192,-227
chw,det,6-8,220,-256
bal,tor,3-9,127,-149
kc,cle,8-2,-107,-107
cin,pit,4-1,-111,-104
laa,wsh,7-2,104,-120
phi,lad,7-0,-103,-112
hou,sea,7-2,218,-263
tex,oak,4-3,-113,-102
sf,col,2-8,122,-140
sd,mil,3-4,-105,-108
ari,chc,1-5,-101,-114
mia,atl,2-4,159,-185
chw,det,3-1,171,-200
kc,cle,3-4,129,-149
cin,pit,5-6,127,-147
laa,wsh,4-2,102,-119
bal,bos,7-6,136,-156
bal,bos,5-6,139,-158
phi,col,10-9,135,-156
ari,lad,1-4,124,-142
sf,sd,4-3,-102,-112
hou,oak,1-4,223,-263
chw,tex,16-2,150,-175
cin,chc,8-2,-140,122
min,kc,8-3,158,-181
nyy,tb,5-1,118,-136
mil,pit,3-2,110,-128
sea,mia,2-3,-106,-108
atl,nym,3-4,102,-116
laa,det,1-2,127,-147
tor,cle,4-6,-109,-105
sf,sd,1-3,-126,110
phi,col,1-3,123,-140
ari,lad,6-8,164,-188
chw,tex,3-6,106,-125
sea,mia,0-7,-109,-105
atl,nym,7-5,-133,114
nyy,tb,1-16,121,-138
mil,pit,8-7,-106,-107
hou,oak,3-4,181,-212
cin,chc,4-8,-153,133
min,kc,4-5,129,-149
bal,bos,2-4,123,-140
laa,det,2-5,140,-161
tor,cle,5-0,106,-121
ari,lad,4-2,156,-181
sf,sd,1-2,-105,-109
hou,oak,3-11,193,-227
phi,col,1-12,131,-151
min,kc,0-5,129,-149
chw,tex,0-12,141,-161
bal,bos,8-4,114,-129
sea,mia,4-8,104,-121
atl,nym,6-0,-114,-101
nyy,tb,5-11,-104,-111
laa,det,11-6,108,-125
tor,cle,3-2,125,-142
mil,pit,5-3,106,-123
cin,chc,4-1,-103,-111
bos,chw,3-1,-105,-109
kc,hou,5-1,-135,119
tor,min,5-9,-128,112
nyy,tb,10-2,150,-175
mil,pit,2-11,-107,-107
col,sd,3-1,122,-140
lad,sf,2-1,110,-125
sea,tex,6-8,102,-117
tor,min,0-7,-123,112
cle,det,5-7,134,-153
atl,phi,0-1,-147,127
lad,sf,1-2,-102,-111
col,sd,2-4,114,-131
oak,laa,4-5,106,-121
bos,chw,6-4,-129,114
kc,hou,6-4,-120,102
sea,tex,2-3,106,-121
wsh,mia,6-3,139,-158
cle,det,3-2,127,-144
chc,nyy,0-2,140,-153
atl,phi,1-0,119,-135
nym,ari,5-2,131,-149
chc,nyy,0-3,165,-185
tb,bal,0-3,-106,-105
pit,cin,0-4,104,-119
lad,sf,2-3,-107,-106
col,sd,3-2,-102,-112
oak,laa,10-9,-103,-111
nym,ari,9-0,124,-142
bos,chw,1-2,-144,127
kc,hou,4-2,-169,148
tor,min,9-3,-128,110
sea,tex,0-5,140,-161
pit,cin,5-7,-109,-104
wsh,mia,2-11,-181,156
pit,cin,8-7,106,-123
col,sd,4-5,104,-119
oak,laa,3-2,-119,102
nym,ari,7-3,119,-136
sea,tex,7-1,-104,-109
wsh,mia,9-2,-156,136
tb,bal,1-7,-114,100
atl,phi,9-6,-129,112
bos,nyy,2-3,-103,-109
lad,ari,8-6,-123,108
det,sd,1-5,-166,145
oak,sea,3-0,-142,124
col,sf,4-5,140,-161
nym,laa,2-14,129,-149
hou,tex,0-1,142,-163
cle,chw,3-4,100,-116
pit,mil,1-4,100,-114
kc,min,3-4,-128,112
wsh,atl,2-10,-129,112
tor,bal,11-3,-106,-108
mia,phi,3-4,104,-120
tb,cin,4-12,114,-131
oak,sea,3-1,-125,110
nym,laa,7-6,147,-169
det,sd,6-2,-135,119
lad,ari,8-5,-123,106
hou,tex,6-5,147,-169
wsh,atl,3-6,125,-140
pit,mil,2-3,125,-144
tor,bal,1-2,100,-114
mia,phi,4-5,-103,-111
col,sf,1-0,112,-129
cle,chw,12-6,-135,117
kc,min,1-7,-149,129
tb,cin,1-0,-129,112
bos,nyy,4-7,-103,-111
col,sf,5-6,144,-163
det,sd,0-6,-103,-111
oak,sea,4-6,131,-149
nym,laa,4-5,143,-163
lad,ari,6-0,-114,100
cle,chw,6-9,140,-161
pit,mil,2-4,100,-114
kc,min,1-10,-126,110
hou,tex,0-1,197,-232
wsh,atl,6-7,108,-125
tb,cin,2-1,-117,102
tor,bal,2-0,133,-151
bos,nyy,4-2,-129,112
mia,phi,3-6,-133,114
ari,sf,6-5,106,-121
cle,chw,3-7,-135,118
nym,atl,6-4,118,-135
hou,tor,6-4,173,-200
bos,nyy,1-4,-108,-106
mil,phi,6-2,106,-123
mia,wsh,1-7,194,-222
pit,chc,5-4,-136,119
oak,min,6-1,-140,123
ari,sf,7-3,112,-129
det,lad,7-6,-116,102
laa,sea,2-0,-112,-103
pit,chc,5-7,-112,-102
nym,atl,3-4,143,-163
hou,tor,3-7,174,-204
bal,nyy,5-4,147,-169
mil,phi,9-4,-126,110
mia,wsh,7-10,175,-200
tex,bos,2-4,124,-142
chw,col,4-10,150,-169
tb,kc,3-7,-116,102
sd,cle,2-1,106,-116
oak,min,7-4,-144,125
sd,cle,0-2,125,-142
det,lad,2-3,-121,106
laa,sea,3-5,108,-125
chw,col,15-3,127,-147
tb,kc,1-0,-119,104
pit,chc,7-6,-120,104
nym,atl,4-0,114,-131
hou,tor,2-5,171,-200
sd,cle,6-8,121,-136
mia,wsh,0-5,167,-192
tex,bos,10-7,112,-129
ari,sf,3-7,131,-151
mil,phi,10-4,-120,104
bal,nyy,14-5,100,-116
chw,col,1-8,129,-149
tb,kc,2-4,-101,-113
tex,bos,1-5,138,-158
oak,min,8-3,-147,127
laa,hou,9-1,-158,138
bal,nyy,2-4,124,-142
sf,lad,2-6,129,-149
ari,col,5-3,104,-119
sea,oak,3-6,127,-147
phi,chc,3-8,-121,104
laa,hou,4-7,-158,138
chw,kc,5-1,106,-123
tex,tb,3-0,-108,-106
mil,bos,4-0,142,-163
atl,wsh,1-2,-107,-107
sd,mia,4-2,102,-120
cin,nym,2-1,-107,-107
bal,det,3-1,129,-149
nyy,tor,6-4,104,-121
min,cle,10-7,159,-181
ari,col,4-9,104,-121
mil,bos,7-6,163,-188
laa,hou,5-1,-151,131
sd,mia,0-5,129,-149
tex,tb,4-5,160,-185
atl,wsh,6-2,134,-153
sf,lad,7-2,-119,102
sea,oak,3-1,-128,114
phi,chc,2-0,-120,104
chw,kc,3-4,129,-149
cin,nym,3-6,-133,117
bal,det,6-7,119,-135
nyy,tor,0-4,116,-131
min,cle,7-3,144,-166
laa,hou,11-1,-166,146
sd,mia,2-8,-109,-106
cin,nym,3-4,-108,-106
tex,tb,1-8,131,-151
nyy,tor,7-3,-138,121
ari,col,2-12,117,-135
chw,kc,5-7,141,-163
sf,lad,8-4,154,-178
min,cle,2-7,160,-185
phi,chc,7-2,129,-147
mil,bos,6-2,131,-151
bal,det,4-10,144,-166
atl,wsh,2-1,152,-169
sea,oak,2-3,123,-140
nyy,hou,4-2,-149,129
tor,tb,2-7,134,-153
bos,bal,4-3,-103,-113
sf,ari,8-5,102,-120
min,chw,10-9,123,-140
wsh,nym,8-2,-125,108
col,mia,5-8,-111,-104
chc,pit,3-2,142,-163
lad,sd,5-1,-106,-109
sea,laa,8-2,124,-142
sf,ari,2-0,-106,-108
cle,oak,6-4,112,-128
nyy,hou,1-3,-166,145
phi,tex,3-4,152,-175
col,mia,6-5,102,-117
wsh,nym,5-1,-129,112
tor,tb,3-0,135,-153
bos,bal,6-2,-116,100
chc,pit,3-4,136,-156
cle,oak,1-6,121,-136
min,chw,6-7,120,-136
atl,mil,1-0,114,-133
kc,det,1-2,168,-196
sea,laa,8-3,147,-169
sf,ari,4-5,100,-116
atl,mil,5-2,102,-119
phi,tex,2-3,124,-142
nyy,hou,2-6,-149,129
col,mia,3-4,-123,106
tor,tb,4-2,150,-175
lad,sd,3-2,-144,125
sea,laa,10-3,104,-121
cle,oak,2-0,125,-144
sf,ari,9-8,-123,108
col,mia,1-10,127,-147
min,chw,3-5,154,-178
tor,tb,2-9,148,-169
bos,bal,1-2,-119,102
atl,mil,0-2,-114,-101
phi,tex,14-10,-108,-106
wsh,nym,9-7,-175,150
kc,det,3-4,134,-153
chc,pit,0-1,156,-181
lad,sd,1-3,-114,100
lad,laa,2-6,-107,-113
chc,ari,9-8,119,-140
cle,sd,8-9,-144,120
sea,col,1-2,-123,100
kc,mil,2-7,-121,100
min,bos,7-4,127,-156
nym,tor,0-2,-107,-113
oak,sf,4-1,108,-131
laa,lad,4-5,-101,-121
col,sea,2-3,108,-133
chc,ari,3-1,123,-149
cle,sd,16-4,-129,108
kc,mil,5-4,-109,-111
hou,tex,6-5,125,-151
mia,nyy,0-3,131,-158
pit,phi,3-0,-128,106
nym,tor,4-5,114,-138
tb,det,3-6,104,-128
bos,min,4-0,-120,102
oak,sf,4-0,102,-126
laa,lad,7-5,106,-129
tb,bal,4-3,-125,102
min,bos,1-4,120,-147
chw,chc,3-4,102,-123
atl,det,3-9,135,-163
tor,phi,3-0,-131,108
nyy,pit,4-2,-123,100
wsh,nym,4-0,-156,131
nym,hou,6-9,-144,119
chc,ari,4-14,120,-144
cin,chw,5-9,-112,-108
mil,cle,3-10,121,-147
col,sf,6-8,114,-138
laa,oak,6-2,-129,106
kc,sd,5-9,-131,108
sea,tex,3-5,-126,104
mia,atl,2-9,129,-158
pit,min,2-1,-133,108
det,phi,1-0,-158,131
nyy,tor,6-10,-104,-116
sea,kc,9-6,-126,102
phi,nyy,6-0,133,-161
col,chw,4-1,108,-133
tex,cle,5-0,112,-136
sf,mil,5-4,-113,-108
cin,oak,4-8,125,-149
atl,det,12-3,122,-149
bal,min,1-4,-126,102
tor,pit,5-22,108,-133
bos,tb,4-2,-102,-119
nym,wsh,3-7,125,-153
sd,chc,7-1,-103,-119
hou,atl,7-5,127,-156
kc,col,2-8,-104,-119
cle,cin,8-3,102,-125
sf,laa,4-11,-104,-117
chw,sea,7-6,125,-151
oak,tex,2-6,102,-126
wsh,mia,4-1,-105,-116
phi,tor,6-3,102,-125
chw,col,5-5,119,-144
mil,cin,9-1,119,-144
cle,laa,2-5,100,-121
kc,sf,9-13,108,-131
sd,tex,11-7,114,-140
pit,bal,7-7,106,-126
tb,bos,9-2,-106,-114
mia,det,8-4,162,-192
tor,nyy,3-1,127,-153
min,phi,1-5,108,-131
lad,ari,7-5,-119,102
cin,chc,8-3,-119,-103
tex,kc,4-8,100,-123
laa,mil,9-6,100,-123
nyy,min,5-4,-136,112
det,tor,4-9,-119,-102
bos,atl,3-6,-125,102
phi,pit,3-5,108,-131
bal,tb,3-3,131,-156
lad,ari,3-1,-172,150
sd,sea,7-2,116,-138
oak,sf,0-3,-113,-107
pit,nyy,0-4,114,-136
cle,col,14-3,-120,-101
chc,chw,7-0,104,-128
mil,tex,5-7,106,-129
mia,hou,7-2,-121,100
nym,min,9-1,102,-125
bos,phi,2-2,-121,100
tor,tb,5-0,137,-161
sf,sd,11-3,-131,106
nyy,bos,3-2,122,-149
bal,pit,4-2,108,-131
min,tb,4-5,136,-163
mil,col,4-3,114,-138
sea,chc,3-0,-147,121
tex,cin,4-5,108,-131
laa,kc,3-2,-107,-114
atl,nym,6-7,110,-133
det,wsh,1-8,-120,-102
chc,col,6-9,122,-147
cin,kc,3-6,-105,-117
pit,bos,4-2,135,-161
hou,wsh,2-0,158,-192
laa,chw,14-10,-129,106
oak,cle,13-3,124,-151
mil,sea,9-7,140,-169
nyy,atl,7-0,-114,-106
tb,bal,7-4,108,-133
phi,tor,6-11,131,-158
sf,cle,11-12,106,-128
sd,sea,5-5,112,-136
tb,min,11-3,-135,112
oak,chw,16-6,-120,-101
hou,mia,1-8,120,-144
bos,nyy,1-8,118,-142
tex,kc,0-6,100,-121
cle,cin,4-5,100,-123
chw,mil,9-0,123,-147
col,sd,9-7,100,-121
atl,hou,4-0,-120,100
nym,mia,7-10,120,-144
mil,ari,5-6,108,-126
oak,cin,6-7,106,-125
sea,laa,5-3,104,-123
col,lad,3-3,129,-151
kc,sd,9-6,-102,-117
chw,tex,8-14,129,-149
wsh,hou,4-3,0,0
mia,min,2-4,108,-126
atl,nyy,4-7,112,-131
pit,phi,5-0,-106,-111
bos,tb,4-8,122,-142
bal,tor,3-4,100,-117
phi,bos,4-1,104,-121
laa,col,4-4,-105,-112
ari,cle,4-2,-105,-112
cin,mil,16-4,-102,-116
nyy,bal,1-2,112,-133
hou,det,3-14,138,-161
wsh,mia,2-1,-123,106
tex,cin,1-2,100,-121
nym,mia,0-1,100,-120
lad,chc,4-5,-128,106
cle,chw,2-2,-121,102
oak,kc,9-9,104,-125
ari,mil,8-9,102,-125
laa,sd,2-4,-104,-116
tb,atl,1-6,102,-123
wsh,det,6-12,123,-147
phi,pit,5-6,112,-135
bos,tor,3-1,-105,-116
col,oak,5-10,110,-131
sf,tex,4-4,104,-123
sea,ari,6-3,100,-120
kc,cle,6-12,102,-123
chw,laa,6-8,114,-135
cin,lad,8-2,104,-125
mil,sd,8-0,100,-120
mia,det,4-2,131,-153
bos,min,4-3,-121,102
pit,tb,1-4,104,-125
hou,tor,7-5,124,-144
nym,wsh,7-5,117,-138
chc,sea,7-8,114,-138
sd,cle,7-12,112,-135
kc,oak,3-1,106,-125
chw,sf,3-4,118,-142
phi,bal,6-5,114,-136
pit,min,8-4,100,-120
det,nyy,7-7,108,-129
tb,tor,5-4,100,-120
cle,ari,7-1,-119,-101
col,chc,13-0,-105,-116
tex,chw,6-7,-102,-119
sf,cin,8-5,102,-125
lad,kc,7-5,-102,-117
sea,laa,10-6,102,-123
oak,sd,5-6,-106,-114
phi,atl,1-9,125,-147
min,tb,1-7,121,-144
nyy,wsh,2-3,-102,-119
hou,wsh,7-4,124,-149
sd,col,5-0,-102,-119
laa,cle,8-3,100,-121
oak,lad,8-8,104,-125
chw,mil,6-3,100,-121
chc,sf,3-2,122,-144
cin,tex,2-8,100,-123
mia,nym,11-1,100,-121
tb,bos,2-6,108,-131
atl,phi,8-1,100,-121
bal,pit,7-6,-103,-117
sd,ari,2-2,108,-128
col,kc,10-1,117,-138
cin,laa,1-3,106,-126
chw,oak,2-2,118,-138
tex,sea,8-9,108,-126
atl,nym,2-8,108,-129
tor,hou,3-4,-116,-102
det,mia,3-1,-120,100
phi,min,1-1,110,-131
tb,nyy,3-3,102,-121
oak,col,4-5,-103,-116
chc,cin,9-0,118,-138
kc,mil,6-7,-101,-117
cle,sd,4-4,-111,-108
nym,det,3-2,120,-140
pit,tb,10-5,104,-125
min,tor,3-4,116,-136
det,nyy,2-3,-103,-117
sf,kc,5-0,102,-125
tex,lad,1-2,100,-121
sd,mil,6-2,100,-123
ari,oak,0-2,100,-120
phi,bal,4-15,102,-125
atl,bos,1-4,122,-147
min,pit,6-5,106,-129
tb,tor,6-3,-106,-114
hou,wsh,5-8,117,-140
wsh,atl,2-3,-103,-117
oak,ari,8-8,-116,-104
chc,cle,0-1,110,-131
lad,laa,4-4,-109,-111
col,mil,3-5,108,-129
tex,sd,8-4,-113,-109
cin,sf,2-3,102,-123
bos,mia,0-0,-105,-114
lad,cin,10-3,-107,-112
bal,min,11-5,100,-123
kc,ari,6-5,100,-121
sd,chw,8-0,102,-125
oak,mil,2-7,-101,-119
laa,sf,2-3,-102,-119
cle,sea,8-5,114,-138
det,hou,3-0,-135,112
atl,phi,2-2,-113,-106
nyy,tb,4-5,104,-125
pit,tor,6-4,102,-125
bal,nyy,3-2,-102,-119
tor,phi,5-3,-108,-109
sf,col,3-2,-103,-119
chw,cle,4-5,110,-131
cin,kc,5-9,-101,-119
tex,laa,4-7,-102,-119
sea,lad,4-1,104,-126
ari,sd,8-6,-104,-116
hou,nym,2-6,106,-128
wsh,atl,4-8,-105,-114
tb,bos,8-0,108,-129
pit,det,5-2,108,-131
min,mia,1-3,-102,-119
kc,chw,7-9,-107,-111
chc,mil,4-2,112,-135
lad,oak,3-7,100,-120
sd,sf,7-2,104,-125
cle,tex,6-5,106,-129
nym,atl,6-2,110,-133
hou,mia,4-0,102,-123
wsh,nyy,2-4,100,-121
bos,pit,6-7,-101,-120
phi,tb,1-6,110,-133
mil,col,6-5,100,-120
kc,chc,5-3,-107,-112
sea,cle,3-6,-102,-119
oak,laa,3-2,100,-120
ari,sf,3-5,-102,-120
chw,tex,9-7,114,-135
bal,bos,6-8,110,-131
pit,phi,4-1,102,-125
min,tb,3-6,-101,-120
nyy,tor,8-2,106,-128
mia,wsh,3-10,104,-126
col,cin,2-3,110,-129
sd,kc,3-7,102,-120
tex,oak,2-2,104,-125
laa,sea,3-5,-101,-117
tor,bal,7-9,100,-119
hou,det,1-5,102,-120
bos,min,2-6,100,-119
phi,nyy,0-4,114,-135
tb,pit,2-2,-103,-114
atl,wsh,15-16,-102,-116
hou,atl,7-5,110,-129
col,ari,11-0,100,-119
cin,cle,0-4,-106,-113
chc,laa,3-15,108,-129
chw,lad,0-5,116,-136
sea,sd,12-1,-103,-116
kc,tex,11-1,108,-128
wsh,nym,5-4,-116,-103
min,bos,8-2,117,-138
bal,tb,4-2,106,-126
pit,tor,2-4,102,-121
cle,cin,12-3,100,-120
tex,kc,11-7,-102,-119
mil,oak,11-3,106,-128
sd,sea,1-7,106,-129
atl,det,2-5,106,-128
pit,nyy,8-2,102,-123
phi,tor,5-7,112,-135
lad,ari,1-4,100,-119
cin,cle,8-3,-102,-116
oak,sf,10-5,106,-126
det,atl,6-5,-101,-117
tor,phi,4-3,-106,-111
nyy,pit,5-6,-109,-108
